{
    "mappings": {
        "properties": {
            "@timestamp": {
                "type": "date"
            },
            "@version": {
                "type": "text",
                "fields": {
                    "keyword": {
                        "type": "keyword",
                        "ignore_above": 256
                    }
                }
            },
            "customer": {
                "properties": {
                    "company": {
                        "type": "text",
                        "fields": {
                            "keyword": {
                                "type": "keyword",
                                "ignore_above": 256
                            }
                        }
                    },
                    "contact": {
                        "type": "text",
                        "fields": {
                            "keyword": {
                                "type": "keyword",
                                "ignore_above": 256
                            }
                        }
                    },
                    "id": {
                        "type": "text",
                        "fields": {
                            "keyword": {
                                "type": "keyword",
                                "ignore_above": 256
                            }
                        }
                    }
                }
            },
            "order": {
                "properties": {
                    "date": {
                        "type": "date"
                    },
                    "id": {
                        "type": "long"
                    }
                }
            },
            "product": {
                "properties": {
                    "category": {
                        "properties": {
                            "id": {
                                "type": "long"
                            },
                            "name": {
                                "type": "text",
                                "fields": {
                                    "keyword": {
                                        "type": "keyword",
                                        "ignore_above": 256
                                    }
                                }
                            }
                        }
                    },
                    "id": {
                        "type": "long"
                    },
                    "name": {
                        "type": "text",
                        "fields": {
                            "keyword": {
                                "type": "keyword",
                                "ignore_above": 256
                            }
                        }
                    }
                }
            },
            "sale": {
                "properties": {
                    "amount": {
                        "type": "float"
                    },
                    "discount": {
                        "type": "float"
                    },
                    "quantity": {
                        "type": "long"
                    },
                    "unit_price": {
                        "type": "float"
                    }
                }
            },
            "shipping": {
                "properties": {
                    "address": {
                        "type": "text",
                        "fields": {
                            "keyword": {
                                "type": "keyword",
                                "ignore_above": 256
                            }
                        }
                    },
                    "city": {
                        "type": "text",
                        "fields": {
                            "keyword": {
                                "type": "keyword",
                                "ignore_above": 256
                            }
                        }
                    },
                    "country": {
                        "type": "text",
                        "fields": {
                            "keyword": {
                                "type": "keyword",
                                "ignore_above": 256
                            }
                        }
                    },
                    "date": {
                        "type": "date"
                    },
                    "postal_code": {
                        "type": "text",
                        "fields": {
                            "keyword": {
                                "type": "keyword",
                                "ignore_above": 256
                            }
                        }
                    }
                }
            }
        }
    }
}